<?xml version="1.0" encoding="UTF-8"?>
<!--Creado con Ardora http://www.webardora.net-->
<manifest identifier="ARD2132022104457" version="1"
     xmlns="http://www.imsproject.org/xsd/imscp_rootv1p1p2"
     xmlns:adlcp="http://www.adlnet.org/xsd/adlcp_rootv1p2"
     xmlns:xsi="http://www.w3.org/2001/XMLSchema-instance"
     xsi:schemaLocation="http://www.imsproject.org/xsd/imscp_rootv1p1p2 imscp_rootv1p1p2.xsd http://www.imsglobal.org/xsd/imsmd_rootv1p2p1 imsmd_rootv1p2p1.xsd http://www.adlnet.org/xsd/adlcp_rootv1p2 adlcp_rootv1p2.xsd">
        <metadata>
             <schema>ADL SCORM</schema>
             <schemaversion>1.2</schemaversion>
             <lom xmlns="http://www.imsglobal.org/xsd/imsmd_rootv1p2p1">
                  <general>
                       <title>
                            <langstring>coloreo_segun_leyenda</langstring>
                       </title>
                       <catalogentry>
                            <catalog></catalog>
                            <entry><langstring xml:lang="es"></langstring></entry>
                       </catalogentry>
                       <description>
                            <langstring xml:lang="es"></langstring>
                       </description>
                       <keyword>
                            <langstring xml:lang="es"></langstring>
                       </keyword>
                  </general>
                  <metametadata>
                       <metadatascheme>LOM-1.0</metadatascheme>
                  </metametadata>
                  <technical>
                       <format>text/html</format>
                       <location type="URI">http://www.digitalthink.com</location>
                  </technical>
                  <educational>
                       <typicallearningtime>
                            <datetime>::</datetime>
                       </typicallearningtime>
                  </educational>
                  <rights>
                  </rights>
                  <classification>
                  </classification>
             </lom>
        </metadata>
        <organizations default="Ardora_ARD2132022104457C01">
             <organization identifier="Ardora_ARD2132022104457C01" structure="heirarchical">
                <title> Actividad</title>
                  <item identifier="Ardora_ARD2132022104457C01A01" identifierref="IDREFARD2132022104457C01A01" isvisible="true">
                  <title>coloreo_segun_leyenda.htm</title>
                </item>
             </organization>
        </organizations>
        <resources>
            <resource identifier="IDREFARD2132022104457C01A01" type="webcontent" href="coloreo_segun_leyenda.htm"  adlcp:scormtype="sco">
              <file href="coloreo_segun_leyenda.htm" />
            </resource>
         </resources>
   </manifest>
